time_ms,npc,intent,current_spot,target_spot,decision_index,next_decision_ms
0,rabbit_analyst,WORK,DESK_LEFT,DESK_LEFT,0,31652
0,cat_colleague,CHECK_PHONE,DESK_RIGHT,DESK_RIGHT,0,5790
0,bulldog_exec,GREET_HOODIE,DOOR,CENTER,0,11840
30000,rabbit_analyst,WORK,DESK_LEFT,DESK_LEFT,0,31652
30000,cat_colleague,USE_PRINTER,PRINTER,DOOR,3,37308
30000,bulldog_exec,READ_WHITEBOARD,WHITEBOARD,WHITEBOARD,4,36184
60000,rabbit_analyst,WORK,DESK_LEFT,DESK_LEFT,3,91099
60000,cat_colleague,WORK,DESK_RIGHT,DESK_RIGHT,6,71338
60000,bulldog_exec,READ_WHITEBOARD,WHITEBOARD,WHITEBOARD,8,62774
90000,rabbit_analyst,WORK,DESK_LEFT,DESK_LEFT,3,91099
90000,cat_colleague,USE_PRINTER,CENTER,PRINTER,9,101180
90000,bulldog_exec,READ_WHITEBOARD,WHITEBOARD,WHITEBOARD,13,94666
120000,rabbit_analyst,WORK,DESK_LEFT,DESK_LEFT,7,143159
120000,cat_colleague,WORK,DESK_RIGHT,DESK_RIGHT,10,132481
120000,bulldog_exec,GREET_HOODIE,CENTER,CENTER,17,122274
150000,rabbit_analyst,READ_WHITEBOARD,WHITEBOARD,CENTER_RIGHT,8,154039
150000,cat_colleague,USE_PRINTER,PRINTER,PRINTER,13,155717
150000,bulldog_exec,GREET_HOODIE,CENTER,CENTER,21,151193
180000,rabbit_analyst,WORK,DESK_LEFT,DESK_LEFT,10,199740
180000,cat_colleague,WORK,DESK_RIGHT,DESK_RIGHT,15,197173
180000,bulldog_exec,EXIT_OFFICE,WHITEBOARD,WHITEBOARD,26,180591
210000,rabbit_analyst,READ_WHITEBOARD,WHITEBOARD,CENTER_RIGHT,12,213971
210000,cat_colleague,IDLE,PRINTER,PRINTER,17,213767
210000,bulldog_exec,EXIT_OFFICE,COFFEE,COFFEE,30,212477
240000,rabbit_analyst,WORK,DESK_LEFT,DESK_LEFT,14,243464
240000,cat_colleague,CHECK_PHONE,PRINTER,PRINTER,20,241759
240000,bulldog_exec,EXIT_OFFICE,CENTER,CENTER,34,240532
270000,rabbit_analyst,WORK,DESK_LEFT,DESK_LEFT,17,280529
270000,cat_colleague,WORK,DESK_RIGHT,DESK_RIGHT,21,273968
270000,bulldog_exec,READ_WHITEBOARD,WHITEBOARD,WHITEBOARD,39,273913
300000,rabbit_analyst,WORK,DESK_LEFT,DESK_LEFT,20,328959
300000,cat_colleague,WORK,COFFEE,DESK_RIGHT,25,322239
300000,bulldog_exec,EXIT_OFFICE,COFFEE,COFFEE,43,302368
